Epoch,Train_RMSE_eV,Val_RMSE_eV,Test_RMSE_eV,Learning Rate
5,0.397476838185237,3.0523144765333696,3.1408731937408447,0.01
10,0.2163631675335077,1.448855302550576,1.467393542444983,0.01
15,0.1741840529900331,0.5832593928683888,0.5548887814200202,0.01
20,0.15642326439802462,0.4025314219973304,0.15634652365778767,0.006999999999999999
25,0.17473358030502611,0.44827376983382483,0.19564794489117557,0.004899999999999999
30,0.1358007020675219,0.4294638769193129,0.4149115296990372,0.004899999999999999
35,0.11589692475704047,0.39130074801770126,0.2412001922033554,0.003429999999999999
