Epoch,Train_RMSE_eV,Val_RMSE_eV,Test_RMSE_eV,Learning Rate
5,0.6186719338099161,1.3577472604573833,1.3751872197303174,0.01
10,0.46350998679796857,1.416128839332161,1.4874874880280267,0.01
15,0.37977291146914166,0.5429957469292803,0.45954145376140304,0.01
20,0.3665601313114166,0.71947412129186,0.5618676913229619,0.01
25,0.36207957069079083,1.131240656242122,1.0324890748985414,0.01
30,0.32061583797136944,1.0511934956926172,0.9706914246671093,0.006999999999999999
35,0.3074776728947957,0.6426955047070132,0.5540316594826469,0.004899999999999999
40,0.30049388607343036,0.8497922494274915,0.8157862841902791,0.004899999999999999
45,0.2344254106283188,1.062788293756915,1.0248728631653954,0.003429999999999999
