Epoch,Train_RMSE_eV,Val_RMSE_eV,Test_RMSE_eV,Learning Rate
5,0.6186688741048177,1.3577954769134521,1.3752349615097046,0.01
10,0.4635091920693715,1.4161251783370972,1.4874800443649292,0.01
15,0.37977369626363117,0.5429962873458862,0.4595426023006439,0.01
20,0.36656132340431213,0.7194890379905701,0.5618899464607239,0.01
25,0.36207924286524457,1.1312096118927002,1.0324647426605225,0.01
30,0.3206137716770172,1.0511629581451416,0.9706582427024841,0.006999999999999999
35,0.3074783831834793,0.6426984667778015,0.5540347099304199,0.004899999999999999
40,0.3004927734533946,0.8497970700263977,0.8157896399497986,0.004899999999999999
45,0.23442489405473074,1.062808871269226,1.0248932838439941,0.003429999999999999
