Epoch,Train_RMSE_eV,Val_RMSE_eV,Test_RMSE_eV,Learning Rate
5,0.397476838185237,3.1408731937408447,3.0523144765333696,0.01
10,0.2163631675335077,1.467393542444983,1.448855302550576,0.01
15,0.1741840529900331,0.5548887814200202,0.5832593928683888,0.01
20,0.2047066608300576,0.2841772100953169,0.3909981352361766,0.01
25,0.17395485937595367,0.20276893519384917,0.3946648605845191,0.006999999999999999
30,0.15802186039777902,0.3685014001851858,0.4190848740664395,0.004899999999999999
35,0.11060942308260845,0.3671217183041018,0.4273224703290246,0.004899999999999999
40,0.12051721375722152,0.3390802564316018,0.38098283552310686,0.003429999999999999
