Epoch,Train_RMSE_eV,Val_RMSE_eV,Test_RMSE_eV,Learning Rate
5,0.48552695910135907,7.062863349914551,7.149655818939209,0.01
10,0.4318230152130127,0.8524876236915588,0.6398334503173828,0.01
15,0.35201819737752277,0.7873911261558533,0.650397002696991,0.01
20,0.3277486066023509,1.112338900566101,0.8639717698097229,0.01
25,0.3324063221613566,1.391859531402588,1.0398401021957397,0.006999999999999999
30,0.29382696747779846,1.4088401794433594,1.087143898010254,0.006999999999999999
35,0.2852823535601298,1.1803362369537354,0.8018816113471985,0.004899999999999999
40,0.2700256009896596,1.2696396112442017,0.9051791429519653,0.003429999999999999
45,0.3097236553827922,1.0075229406356812,0.6319870948791504,0.003429999999999999
