Epoch,Train_RMSE_eV,Val_RMSE_eV,Test_RMSE_eV,Learning Rate
5,0.4855276942253113,7.062829426767591,7.14962056895404,0.01
10,0.4318229655424754,0.8524849256190519,0.639830591165351,0.01
15,0.35201798876126605,0.7873761886780034,0.6504265103791574,0.01
20,0.3277478516101837,1.112324234737125,0.8640207716640964,0.01
25,0.332405020793279,1.3918199928003665,1.0398070329402813,0.006999999999999999
30,0.29382039109865826,1.4088252534502779,1.0871350906193706,0.006999999999999999
35,0.28528329730033875,1.1802838091491172,0.8018260849194487,0.004899999999999999
40,0.2700263013442357,1.2695867742170088,0.9051233259095033,0.003429999999999999
45,0.3097243706385295,1.0074989440886881,0.6319617263653853,0.003429999999999999
