Epoch,Train_RMSE_eV,Val_RMSE_eV,Test_RMSE_eV,Learning Rate
5,0.5749362607796987,2.6077190713398055,2.202552302080645,0.01
10,0.3743484516938527,1.005117002372811,1.148228457943266,0.01
15,0.3544475932916005,0.7456194580648869,0.6826067346850849,0.01
20,0.3506278693675995,1.4646662148465956,1.3635949435291528,0.01
25,0.3066101670265198,0.922900509377069,0.849472374381522,0.006999999999999999
30,0.3095184365908305,0.8293027608112442,0.7930853973642635,0.004899999999999999
35,0.2493528574705124,0.6859149980745757,0.6458074374623113,0.004899999999999999
40,0.21556521455446878,1.156449803676063,1.0937679001828438,0.003429999999999999
