Epoch,Train_RMSE_eV,Val_RMSE_eV,Test_RMSE_eV,Learning Rate
5,0.5749362806479136,2.6075003147125244,2.20234751701355,0.01
10,0.37434802452723187,1.0051542520523071,1.1482694149017334,0.01
15,0.354449321826299,0.7456274628639221,0.682613730430603,0.01
20,0.35062729318936664,1.4647091627120972,1.3636376857757568,0.01
25,0.3066108226776123,0.9229253530502319,0.8494967818260193,0.006999999999999999
30,0.30952062209447223,0.8292800188064575,0.7930637001991272,0.004899999999999999
35,0.24935330947240195,0.685919463634491,0.6458107233047485,0.004899999999999999
40,0.21556515991687775,1.1564078330993652,1.0937248468399048,0.003429999999999999
