Epoch,Train_RMSE_eV,Val_RMSE_eV,Test_RMSE_eV,Learning Rate
5,0.6504658261934916,7.176676273345947,7.23382568359375,0.01
10,0.4918665091196696,5.112984657287598,5.305493354797363,0.01
15,0.43234466512997943,1.3255268335342407,1.5334094762802124,0.01
20,0.343291312456131,0.6350889801979065,0.5824416875839233,0.01
25,0.32864845792452496,1.0638707876205444,0.9337172508239746,0.01
30,0.3575223386287689,1.1936272382736206,1.1567193269729614,0.006999999999999999
35,0.33143800497055054,1.1409403085708618,1.080984115600586,0.004899999999999999
40,0.31862210234006244,0.9531661868095398,0.8220047354698181,0.004899999999999999
45,0.29665141304334003,0.7722755074501038,0.6092023253440857,0.003429999999999999
