Epoch,Train_RMSE_eV,Val_RMSE_eV,Test_RMSE_eV,Learning Rate
5,0.48552695910135907,7.149655818939209,7.062863349914551,0.01
10,0.4318230152130127,0.6398334503173828,0.8524876236915588,0.01
15,0.35201819737752277,0.650397002696991,0.7873911261558533,0.01
20,0.3277486066023509,0.8639717698097229,1.112338900566101,0.01
25,0.33578913410504657,0.9720445275306702,1.3124372959136963,0.006999999999999999
30,0.30732781688372296,1.0883848667144775,1.4218767881393433,0.004899999999999999
35,0.2707984546820323,0.8536275029182434,1.257340669631958,0.004899999999999999
40,0.27562133471171063,0.7813152074813843,1.1482547521591187,0.003429999999999999
