Epoch,Train_RMSE_eV,Val_RMSE_eV,Test_RMSE_eV,Learning Rate
5,0.4855276942253113,7.14962056895404,7.062829426767591,0.01
10,0.4318229655424754,0.639830591165351,0.8524849256190519,0.01
15,0.35201798876126605,0.6504265103791574,0.7873761886780034,0.01
20,0.3277478516101837,0.8640207716640964,1.112324234737125,0.01
25,0.33578646183013916,0.9720342744191333,1.3124167746782478,0.006999999999999999
30,0.3073266049226125,1.088358850827161,1.4218539243835615,0.004899999999999999
35,0.2708006948232651,0.8536288703135171,1.2573431389770158,0.004899999999999999
40,0.2756209671497345,0.7813024051580554,1.1482442278680607,0.003429999999999999
