Epoch,Train_RMSE_eV,Val_RMSE_eV,Test_RMSE_eV,Learning Rate
5,0.5922984878222147,10.33201581736086,10.903910005737913,0.01
10,0.41797177990277606,2.1128686236210235,1.9948017711352048,0.01
15,0.32762863238652545,0.7481464644720509,0.4508155172677541,0.01
20,0.31295246879259747,0.8038191787143159,0.5155656856867685,0.006999999999999999
25,0.2992281715075175,1.064248366093887,0.8945209516390212,0.006999999999999999
30,0.2925096054871877,0.750007535110395,0.5937254219672179,0.004899999999999999
35,0.28160540262858075,0.8018958799250525,0.5133964225211626,0.003429999999999999
40,0.2720596293608348,0.8871499579566404,0.6291857189369839,0.003429999999999999
