Epoch,Train_RMSE_eV,Val_RMSE_eV,Test_RMSE_eV,Learning Rate
5,0.592300534248352,10.332133293151855,10.903960227966309,0.01
10,0.4179742932319641,2.112863063812256,1.9947954416275024,0.01
15,0.32762831449508667,0.748136043548584,0.45080310106277466,0.01
20,0.31295164426167804,0.8038170337677002,0.5155522227287292,0.006999999999999999
25,0.2992262641588847,1.0642865896224976,0.8945589661598206,0.006999999999999999
30,0.2925090193748474,0.750030517578125,0.5937476754188538,0.004899999999999999
35,0.28160378833611804,0.8018987774848938,0.5133951306343079,0.003429999999999999
40,0.27206150194009143,0.8871567249298096,0.6291878819465637,0.003429999999999999
