Epoch,Train_RMSE_eV,Val_RMSE_eV,Test_RMSE_eV,Learning Rate
5,0.6506097316741943,9.009847640991211,9.259416580200195,0.01
10,0.4362956682840983,0.7386053204536438,0.8967509865760803,0.01
15,0.40451739231745404,0.6549897193908691,1.0020830631256104,0.01
20,0.30944961309432983,0.6031624674797058,0.8817266821861267,0.01
25,0.30158443252245587,0.8428930044174194,1.1332941055297852,0.01
30,0.28510665396849316,0.6348845362663269,0.8236781358718872,0.006999999999999999
35,0.2559877336025238,0.6255057454109192,0.810258686542511,0.004899999999999999
40,0.23988439639409384,0.5733393430709839,0.7575234770774841,0.004899999999999999
45,0.22761051853497824,0.5342445373535156,0.7350555658340454,0.003429999999999999
