Epoch,Train_RMSE_eV,Val_RMSE_eV,Test_RMSE_eV,Learning Rate
5,0.650607685248057,9.009865286444908,9.259434969827074,0.01
10,0.4362950424353282,0.7386499058977106,0.8967899726304382,0.01
15,0.40451231598854065,0.6549400414733,1.0020430061583256,0.01
20,0.30945364634195965,0.6031471159019561,0.8817161549427152,0.01
25,0.3015882869561513,0.8428867172504617,1.1332848757804723,0.01
30,0.2851004848877589,0.6349114068529955,0.8237061529191114,0.006999999999999999
35,0.2559874753157298,0.6255177536717298,0.8102719131815868,0.004899999999999999
40,0.23988356192906699,0.5733551018175989,0.7575428579327743,0.004899999999999999
45,0.22761096556981406,0.5342669991432144,0.7350818275324247,0.003429999999999999
